{
    "registros" : [
        {
            "id" : "0",
            "id_usuario_asignado" : "",
            "estado":"NO ASIGNADO",
            "color":"dark",
            "colaborador_asignado":"",
            "fecha_hora_atencion":"-",
            "observaciones":"-",
            "numero_orden":"6299129",
            "numero_documento":"19442465",
            "nombres_apellidos":"SORIA TENAZOA ROSA AURORA",
            "direccion_uno":"ENRIQUE FEBRES  358",
            "direccion_dos":"",
            "urbanizacion":"CHIMU",
            "ciudad":"CHICLAYO",
            "region":"LAMBAYEQUE",
            "celular":"44401197",
            "total_unidades":"3",
            "cajas":"1",
            "visitas" : []
        },
        {
            "id" : "1",
            "id_usuario_asignado" : "",
            "estado":"NO ASIGNADO",
            "color":"dark",
            "colaborador_asignado":"",
            "fecha_hora_atencion":"-",
            "observaciones":"-",
            "numero_orden":"6299133",
            "numero_documento":"19418465",
            "nombres_apellidos":"JUAN PEREZ 1",
            "direccion_uno":"ENRIQUE FEBRES  358",
            "direccion_dos":"",
            "urbanizacion":"CHIMU",
            "ciudad":"CHICLAYO",
            "region":"LAMBAYEQUE",
            "celular":"44401197",
            "total_unidades":"3",
            "cajas":"1",
            "visitas" : []
        },
        {
            "id" : "2",
            "id_usuario_asignado" : "",
            "estado":"NO ASIGNADO",
            "color":"dark",
            "colaborador_asignado":"",
            "fecha_hora_atencion":"-",
            "observaciones":"-",
            "numero_orden":"6299132",
            "numero_documento":"1943365",
            "nombres_apellidos":"JUAN PEREZ 2",
            "direccion_uno":"ENRIQUE FEBRES  358",
            "direccion_dos":"",
            "urbanizacion":"CHIMU",
            "ciudad":"CHICLAYO",
            "region":"LAMBAYEQUE",
            "celular":"44401197",
            "total_unidades":"3",
            "cajas":"1",
            "visitas" : []
        },
        {
            "id" : "3",
            "id_usuario_asignado" : "",            
            "estado":"NO ASIGNADO",
            "color":"dark",
            "colaborador_asignado":"",
            "fecha_hora_atencion":"-",
            "observaciones":"-",
            "numero_orden":"6299339",
            "numero_documento":"19418465",
            "nombres_apellidos":"SORIA TENAZOA ROSA AURORA",
            "direccion_uno":"ENRIQUE FEBRES  358",
            "direccion_dos":"",
            "urbanizacion":"CHIMU",
            "ciudad":"TRUJILLO",
            "region":"LA LIBERTAD-TRUJILLO",
            "celular":"44401197",
            "total_unidades":"3",
            "cajas":"1",
            "visitas" : []
        },
        {
            "id" : "4",
            "id_usuario_asignado" : "",
            "estado":"NO ASIGNADO",
            "color":"dark",
            "colaborador_asignado":"",
            "fecha_hora_atencion":"-",
            "observaciones":"-",
            "numero_orden":"6299129",
            "numero_documento":"19418465",
            "nombres_apellidos":"SORIA TENAZOA ROSA AURORA",
            "direccion_uno":"ENRIQUE FEBRES  358",
            "direccion_dos":"",
            "urbanizacion":"CHIMU",
            "ciudad":"TRUJILLO",
            "region":"LA LIBERTAD-TRUJILLO",
            "celular":"44401197",
            "total_unidades":"3",
            "cajas":"1",
            "visitas" : []
        },
        {
            "id" : "5",
            "id_usuario_asignado" : "",            
            "estado":"NO ASIGNADO",
            "color":"dark",
            "colaborador_asignado":"",
            "fecha_hora_atencion":"-",
            "observaciones":"-",
            "numero_orden":"6299339",
            "numero_documento":"19418465",
            "nombres_apellidos":"SORIA TENAZOA ROSA AURORA",
            "direccion_uno":"ENRIQUE FEBRES  358",
            "direccion_dos":"",
            "urbanizacion":"CHIMU",
            "ciudad":"TRUJILLO",
            "region":"LA LIBERTAD-TRUJILLO",
            "celular":"44401197",
            "total_unidades":"3",
            "cajas":"1",
            "visitas" : []
        },
        {
            "id" : "6",
            "id_usuario_asignado" : "",
            "estado":"NO ASIGNADO",
            "color":"dark",
            "colaborador_asignado":"",
            "fecha_hora_atencion":"-",
            "observaciones":"-",
            "numero_orden":"12494931",
            "numero_documento":"19418465",
            "nombres_apellidos":"LORENZO PÉREZ PÉREZ",
            "direccion_uno":"ENRIQUE FEBRES  358",
            "direccion_dos":"",
            "urbanizacion":"CHIMU",
            "ciudad":"TRUJILLO",
            "region":"LA LIBERTAD-TRUJILLO",
            "celular":"44401197",
            "total_unidades":"3",
            "cajas":"1",
            "visitas" : []
        },
        {   
            "id" : "7",
            "id_usuario_asignado" : "",
            "estado":"NO ASIGNADO",
            "color":"dark",
            "colaborador_asignado":"",
            "fecha_hora_atencion":"-",
            "observaciones":"-",
            "numero_orden":"1049493",
            "numero_documento":"1943365",
            "nombres_apellidos":"JOEL JOEL PÉREZ",
            "direccion_uno":"ENRIQUE FEBRES  358",
            "direccion_dos":"",
            "urbanizacion":"CHIMU",
            "ciudad":"CHICLAYO",
            "region":"LAMBAYEQUE",
            "celular":"44401197",
            "total_unidades":"3",
            "cajas":"1",
            "visitas" : []
        },
        {   
            "id" : "8",
            "id_usuario_asignado" : "",
            "estado":"NO ASIGNADO",
            "color":"dark",
            "colaborador_asignado":"",
            "fecha_hora_atencion":"-",
            "observaciones":"-",
            "numero_orden":"1049493",
            "numero_documento":"1943365",
            "nombres_apellidos":"JOEL JOEL PÉREZ",
            "direccion_uno":"ENRIQUE FEBRES  358",
            "direccion_dos":"",
            "urbanizacion":"CHIMU",
            "ciudad":"CHICLAYO",
            "region":"LAMBAYEQUE",
            "celular":"44401197",
            "total_unidades":"3",
            "cajas":"1",
            "visitas" : []
        }
    ],
    "usuarios_asignar":[
      {"id":"0", "nombres_apellidos":"JUAN PÉREZ PÉREZ"},
      {"id":"1", "nombres_apellidos":"LORENZO ACOSTA"},
      {"id":"2", "nombres_apellidos":"SALVADOR ALLENDE"},
      {"id":"3", "nombres_apellidos":"JUAN JONÁS"},
      {"id":"4", "nombres_apellidos":"CARLOS CARIO"},
      {"id":"5", "nombres_apellidos":"CARMEN LORENZO"},
      {"id":"6", "nombres_apellidos":"FELIPE FELIPILLO"},
      {"id":"7", "nombres_apellidos":"ROSENDO ESQUIVO"}
    ],
    "cantidades": {
        "noasignados": "9",
        "gestionando": "0",
        "entregados": "0",
        "motivados": "0"
    }
}